sequence,activity
MKHSDNLRSVRSEYADADGSRCVYLTFDDGPNPLCTPPDI,0
MEKQEQTFVSKISEEELKKLAGGYTEVSPQSTIVCVSLRICNWSLRFCPSFKVKCPM,1
MKIFFFAFIMALMVAMIKADSSEEEHRLRFNPRFYYPNQQGGYIPSYPAYPYPYPYPVQ,1
EKRPRTAFSSEQLARLKREFNENRYLTTERRRQQLSSELGLNEAQIKIWFQNKRAKIKKST,1
KHNLGHGHKHERDQGHGHQRGHGLGHGHEQQHGLGHGHKFKLDDDLEHQGGHVLDHGHKHKHGHGHGKHKNKGKKNGKHNGWK,1
EPGGHRCSTDSFCPPNMCPPGMTPKCVRFRCKCVPIGWKNLSHVLA,1
MSIFPIALALLLIGLEEGEAARDGYPISKNNYCKIYCPNTKVCKETCKNRASAPDGECDGWNLCYCFKVPDNIPVWGDPGTPPCMT,1
NPANPLNLKKHHGVFCDVCKALVEGGEKVGDDDLDAWLDVNIGTLCWTMLLPLHHECEEELKKVKKELKKDIENKDSPDK,1
MYKSFCDVVAKKDAKGRIKVRIKSAKDLRIPVWNNTKLNSGKIKWYAPGVKLAWYDNKKGYLELWYDKDGWYYTANYFLK,1
MARVTVQEAADKIGNRFDLILTAARRARQLQLHVREPLVPEENDKPTVIALREIEKGLINGQIMDQLENNDAIQQEVAEQEAISFLADVQANA,0
MNTKVVLIMLMITSVILVVEAETLFTANCLDRKDCKKHCKSKGCKEMKCEQIIKPTWRCLCIMCSK,0
MENLNLNQLENINGGYWKTIWAVGPGLYQRDTETGKYRWIQTQDNLSYTTNVIANGWAGSAAGGYFSGR,1
MAGQYWRAAGITYLQYANICGTHVRNCLKEPFRAAAKNREGFISNTVMYQNGKESSTIILNSELLQKELLVKKN,0
MERSATLEMLNVHKPDARQTGDILSRYANALWPPALAYAASVAAGYVFTAGPHGCRCGKAMTEAARVGVFLGVLCALYNWMGSGDSFA,0
GILLVDSQQALECCALSSQWGSGNNGIHHQA,1
MNNLPATPSPEELMTTPVFQAPETLSPQAEEASTALIAVVITVVFLTLLSVVTLIFFHLYKNKGSYVTYEPAEGEPSAILQMETDSAKGREKEEYFI,0
NLVQFELLIMKVAKRSGLLSYSA,1
MNVESRNSEKAWNRAIVKAEQEAAKKKMERLAKMRAKSKRK,1
MPKVEVKNGDLDAALKSFKRITSETEKAYKKHEFYLRPGLRKKEKEKAAAKKRNKYNKRRSFYY,0
FHFFHHFFHFFHHFKLLK,1
QSLEETADQVPAQDQPGAEAQDITISFAGDERSAREASKSLIGTASCTCRRAWICRWGERHSGKCIDQKGSTYRLCCRR,1
MLFTIAWASLAAVFSFSIAMVVWGRNGDGTLNF,0
MFKRLEEYRKNLSNEELKIFNNTMKLLNDNKTDFQERTKNFDKELQYTELENEKEKILIVLDTIRVSNENYKNVISENLYHSIKEMTIIFELLYNL,1
MVIATDDLEVACPKCERAGEIEGTPCPACSGKGVILTAQGYTLLDFIQKHLNK,0
MDQNIYTLLYTNECLHSIEHEFEAVSDEVARIKATAMCRGQEGLWSGIYLTDPQGEAITFDPF,1
