Sequence,Activity
AQCGAQGGGATCPGGLCCSQWGWCGSTPKYCGAGCQSNCK,1
LLGRCKVKSNRFNGPCLTDTHCSTVCRGEGYKGGDCHGLRRRCMCLC,1
KSKEKIGKEFKRIVQRIKDFLRNLVPR,1
GWKKWLRKGAKHLGQAAIKGLAS,1
FLPIAGKLLSGLSGLL,1
VGRFRRLRKKTRKRLKKIGKVLKWIPPIVGSIPLGCG,1
VTCNIGEWVCVAHCNSKSKKSGYCSRGVCYCTN,1
GFVDLAKKVVGGIRNALGI,1
FLPMLAGLAASMVPKLVCLITKKC,1
ILPLLLGKVVCAITKKC,1
DDDDDD,1
ILGPVLSLVGNALGGLLKNE,1
RFRPPIRRPPIRPPFNPPFRPPVRPPFRPPFRPPFRPPIGPFP,1
GVLDILKGAGKDLLAHALSKISEKV,1
VYINKLTPPCGTMYYACEAV,1
GIGAAILSAGKSIIKGLANGLAEHF,1
EIRLPEPFRFPSPTVPKPIDIDPILPHPWSPRQTYPIIARRS,1
FLPFLATLLSKVL,1
CYCRIPACIAGERRYGTCIYQGRLWAFCC,1
GLVDVLGKVGGLIKKLLPG,1
WNPFRKLYRKECNDVTSCDTVSGVKTCTKKNCCHRKFFGKTILKAPECTVIS,1
SKITDILAKLGKVLAHV,1
SIGTAVKKAVPIAKKVGKVAIPIAKAVLSVVGQLVG,1
GLFSILRGAAKFASKGLGKDLTKLGVDLVACKISKQC,1
GIGRKFLGGVKTTFRCGVKDFASKHLY,1
FLPAVLRVAAQVVPTVFCAISKKC,1
DHHHDHGHDDHEHEELTLEKIKEKIKDYADKTPVDQLTERVQAGRDYLLGKGARPSHLPARVDRHLSKLTAAEKQELADYLLTFLH,1
FLPIVGKLLSGLSGLL,1
EPNPDEFFGLM,1
GILDAIKAIAKAAG,1
AFPPPNVPGPRFPPPNFPGPRFPPPNFPGPRFPPPNFPGPRFPPPNFPGPPFPPPIFPGPWFPPPPPFRPPPFGPPRFP,1
SSSGWLCTLTIECGTIICACR,1
FLPILGKLLSGIL,1
KRGPNCVGNFLGGLFAGAAAGVPLGPAGIVGGANLGMVGGALTCL,1
MFFSSKKCKTVSKTFRGPCVRNA,1
KYYGNGVHCGKKTCYVDWGQATASIGKIIVNGWTQHGPWAHR,1
VSCTCRRFSCGFGERASGSCTVNGVRHTLCCRR,1
GYGCPFNQYQCHSHCSGIRGYKGGYCKGLFKQTCNCY,1
AVNIPFKVHFRCKAAFC,1
RWCVYAYVRVRGVLVRYRRCW,1
AKKVFKRLEKLFSKIQNDK,1
IATQCRIRGGFCRVGSCRFPHIAIGKCATFISCCGRAY,1
QGVRNHVTCRINRGFCVPIRCPGRTRQIGTCFGPRIKCCRSW,1
FLPAIVGAAGKFLPKIFCAISKKC,1
RKFHEKHHSHRGY,1
KGIGSALKKGGKIIKGGLGALGAIGTGQQVYEHVQNRQ,1
GFGSFLGKALKAALKIGADVLGGAPQQ,1
INWLKLGKKILGAL,1
INWKKIAEVGGKILSSL,1
INVLGILGLLGKALSHL,1
GLMSTLKDFGKTAAKEIAQSLLSTASCKLAKTC,1
RKKWFW,1
GFSSLFKAGAKYLLKSVGKAGAQQLACKAANNCA,1
MRTGNAD,1
RIFSKIGGKAIKNLILKGIKNIGKEVGMDVIRTGIDVAGCKIKGEC,1
FLPLVTMLLGKLF,1
VIDDLKKVAKKVRRELLCKKHHKKLN,1
GIFSLIKGAAKLITKTVAKEAGKTGLELMACKVTNQC,1
KTCEHLADTYRGVCFTNASCDDHCKNKAHLISGTCHNWKCFCTQNC,1
FLPIVGKLLSGLSGLS,1
GLFDVVKGVLKGVGKNVAGSLLEQLKCKLSGGC,1
LIGPVLGLVGSALGGLLKKI,1
YQEPVLGPVRGPFPI,1
GICRCICGRGICRCICGR,1
FLPIIAKVLSGLL,1
GIFALIKTAAKFVGKNLLKQAGKAGLEHLACKANNQC,1
ATCDLASGFGVGSSLCAAHCIARRYRGGYCNSKAVCVCRN,1
QKLCERPSGTWSGVCGNNNACRNQCINLEKARHGSCNYVFPAHKCICYFPC,1
GYGCPFNQYQCHSHCRGIRGYKGGYCTGRFKQTCKCY,1
GIGTKILGGVKTALKGALKELASTYVN,1
GIMDSVKNVAKNIAGQLLDKLKCKITGC,1
FLPLIAGLAANFLPKIFCAITKKC,1
LQDAALGWSRRCPRCPPCPNCRRCPRCPTCPSCNCNPK,1
ALWFTMLKKLGTMALHAGKAALGAAANTISQGTQ,1
GWLKKLGKRIERIGQHTRDATIQGLGIAQQAANVAATAR,1
GINTLKKVIQGLHEVIKLVSNHE,1
PDPAKTAPKKGSKKAVTKA,1
ILPFVAGVAAEMMQHVYCAASKKC,1
YPPKPESPGEDASPEEMNKYLTALRHYINLVTRQRY,1
MHDFWVLWVLLEYIYNSACSVLSATSSVSSRVLNRSLQVKVVKITN,1
FVPYNPPRPYQSKPFPSFPGHGPFNPKIQWPYPLPNPGH,1
KSCCRNTWARNCYNVCRLPGTISREICAKKCDCKIISGTTCPSDYPK,1
GLFDVVKGVLKGAGKNVAGSLLEQLKCKLSGGC,1
KYYGNGLSCNKSGCSVDWSKAISIIGNNAVANLTTGGAAGWKS,1
FLPFLASLLTKVL,1
GWLRKAAKSVGKFYYKHKYYIKAAWKIGRHAL,1
QWGYGGYGRGYGGYGGYGRGYGGYGGYGRGYGGYGRGMYGGYGRPYGGYGWGK,1
GPLSCRRNGGVCIPIRCPGPMRQIGTCFGRPVKCCRSW,1
GLRKKFRKTRKRIQKLGRKIGKTGRKVWKAWREYGQIPYPCRI,1
WLRRIGKGVKIIGGAALDHL,1
WNPFKKIANRNCYPKTTCETAGGKKTCKDFSCCQIVLFGKKTRAKCTVVTS,1
GLMSVLGHAVGNVLGGLFKS,1
GIFSKISGKAIKNLFIKGAKNVGKEVGIDVVRTGMDVVGCKIKGEC,1
RPDKPRPYLPRPRPPRPVR,1
AACSDRAHGHICESFKSFCKDSGRNGVKLRANCKKTCGLC,1
GVLGTVKNLLIGAGKSAAQSVLKTLSCKLSNDC,1
VTCDLLSFEAKGFAANHSLCAAHCLAIGRRGGSCERGVCICRR,1
GFLGPLLKLGLKGVAKVIPHLIPSRQQ,1
GILSTVFKAGKGIVCGLSGLC,1
SMISVLKNLGKVGLGFVACKVNKQC,1
GLWSTIKQKGKEAAIAAAKAAGQAALGAL,1
SLLDTFKNLAVNAAKSAGVSVLNALSCKISRTC,1
GWFGKAFRSVSNFYKKHKTYIHAGLSAATLL,1
GLFDIIKKIAESF,1
NRWYCNSAAGGVGGAAGCVLAGYVGEAKENIAGEVRKGWGMAGGFTHNKACKSFPGSGWASG,1
DAPGHPGKHYLQVNVPSDVRTIGVAGGGVQQCFRVTPGAWNDTRALVSNGAQVEVWGYTVADCANRTTANQKYYDKAAAPSDSSTYFWFTLKNLRV,1
GLPTCGETCFGGTCNTPGCTCDPWPVCTHN,1
ILPILGNLLNGLL,1
KSCCRNTVARNCYNVCRIPGTPRPVCAATCDCKLITGTKCPPGYEK,1
KPWRFRRAIRRVRWRKVAPYIPFVVKTVGKK,1
RILSILRHQNLLKELQDLAL,1
GIVDFAKGVLGKIKNVLGI,1
GWKKWLRKGAKHLGQAAIK,1
FMGSALRIAAKVLPAALCQIFKKC,1
GIFTKINKKKAKTGVFNIIKTIGKEAGMDVIRAGIDTISCKIKGEC,1
GFWTTAAEGLKKFAKAGLASILNPK,1
GLLSGLKKVGKHVAKNVAVSLMDSLKCKISGDC,1
GLPQDCERRGGFCSHKSCPPGIGRIGLCSKEDFCCRSRWYS,1
VFIDILDKMENAIHKAAQAGIGIAKPIEKMILPK,1
GRRRRSVQWCAVSQPEATKCFQWQRNMRKVRGPPVSCIKRDSPIQCIQA,1
GIFPKIIGKGIKTGIVNGIKSLVKGVGMKVFKAGLSNIGNTGCNEDEC,1
KYYGNGVTCGKHSCSVDWGKATTCIINNGAMAWATGGHQGTHKC,1
VNWKKVLGKIIKVAK,1
AGDPLADPNSQIVRQIMSNAAWGPPLVPERFRGMAVGAAGGVTQTVLQGAAAHMPVNVPIPKVPMGPSWNGSKG,1
FLSLALAALPKFLCLVFKKC,1
QLPFVAGVACEMCQCVYCAASKKC,1
VLSKSLCTPGCITGPLQTCYLCFPTFAKC,1
GALRGCWTKSYPPKPCK,1
GCWSTVLGGLKKFAKGGLEAIVNPK,1
VIGSILGALASGLPTLISWIKNR,1
EPHPNEFVGLM,1
MNFLKNGIAKWMTGAELQAYKKKYGCLPWEKISC,1
GLFGKLIKKFGRKAISYAVKKARGKH,1
QRVRNPQSCRWNMGVCIPFLCRVGMRQIGTCFGPRVPCCRR,1
QLKVDLWGTRSGIQPEQHSSGKSDVRRWRSRY,1
GIMDTVKNAAKDLAGQLLDKLKCRITGC,1
GLLCYCRKGHCKRGERVRGTCGIRFLYCCPRR,1
GVLDILKNAAKNILAHAAEQI,1
LLKELWTKMKGAGKAVLGKIKGLL,1
MKTFSVAVAVAVVLAFICTQESSALPVTGIEELVEPVSSDNNDNHQGLPVELRERLVNIRKKRAPTDCIPYCYPTGDGFHCGVTCRF,1
RTCRCRLGRCSRRESYSGSCNINGRIYSLCCR,1
SQLGDLGSGAGQGGGGGGSIRAAGGAFGKLEAAREEEFFYKKQKEQLERLKNDQIHQAEFHHQQIKEHEEAIQRHKDFLNNLHK,1
MLCKLSMFGAVLGVPACAIDCLPMGKTGGSCEGGVCGCRKLTFKILWDKKFG,1
KCKWWNISCDLGNNGHVCTLSHECQVSCN,1
QYRHRCCAWGPGRKYCKRWC,1
DYHHGVRVL,1
FLGAIAAALPHVINAVTNAL,1
GILSSIKGVAKGVAKNVAAQLLDTLKCKITGC,1
LRDLVCYCRTRGCKRRERMNGTCRKGHLMYTLCCR,1
CIAKGNGCQPSGVQGNCCSGHCHKEPGWVAGYCK,1
GIMDTVKNVAKNLAGQLLDKLKCKITAC,1
SIGSALKKALPVAKKIGKIALPIAKAALP,1
KYYGNGVTCGKHSCSVNWGQAFSCSVSHLANFGHGKC,1
GFMDTAKNVAKNVAVTLLDKLKCKITGGC,1
FLPFLAKILTGVL,1
STPACAIGVVGITVAVTGISTACTSRCINK,1
ERGSRGQRCGPGEVFNQCGSACPRVCGRPPAQACTLQCVSGCFCRRGYIRTQRGGCIPERQCHQR,1
CIKNGNGCQPNGSQNGCCSGYCHKQPGWVAGYCRRK,1
EPHPDEFVGLM,1
GIGGALLSAGKSALKGLAKGLAEHF,1
GLLDTLKGAAKNVVGSLASKVMEKL,1
DTHFPICIFCCGCCHRSKCGMCCKT,1
KRFHSVGSLIQRHQQMIRDKSEATRHGIRIITRPKLLLAS,1
AIMDTIKDTAKTVAVGLLNKLKCKITGC,1
CLGIGSCNDFAGCGYAVVCFW,1
KTYYGTNGVHCTKKSLWGKVRLKNVIPGTLCRKQSLPIKQDLKILLGWATGAFGKTFH,1
YKQCHKKGGHCFPKEKICLPPSSDFGKMDCRWRWKCCKKGSG,1
GLLLDTLKGAAKDIAGIALEKLKCKITGCKP,1
GLLSVLGSVAKHVLPHVVPVIAEKL,1
YQEPVLGPVRGPFPIIV,1
MPCSCKKYCDPWEVIDGSCGLFNSKYICCREK,1
GWGSFFKKAAHVGKHVGKAALTHYL,1
VFQFLGRIIHHVGNFVHGFSHVF,1
TPCGESCVYIPCISGVIGCSCTDKVCYLN,1
FLGGLMKAFPALICAVTKKC,1
VNPIILGVLPKFVCLITKKC,1
CGESCVWIPCISSAIGCSCKSKVCYRNGIP,1
AFPPPNVPGPRFPPPNVPGPRFPPPNFPGPRFPPPNFPGPRFPPPNFPGPPFPPPIFPGPWFPPPPPFRPPPFGPPRFP,1
FISAIASFLGKFL,1
GSKKPVPIIYCNRRTGKCQRM,1
LVLKYCPKIGYCSNTCSKTQIWATSHGCKMYCCLPASWKWK,1
HAEHKVKIGVEQKYGQFPQGTEVTYTCSGNYFLM,1
ACDTATCVTHRLAGLLSRSGGVVKNNFVPTNVGSKAF,1
FFGWLIKGAIHAGKAIHGLIHRRRH,1
GRKSDCFRKSGFCAFLKCPSLTLISGKCSRFYLCCKRIW,1
KSCCPNTTGRNIYNACRLTGAPRPTCAKLSGCKIISGSTCPSDYPK,1
TCESPSHKFKGPCATNRNCES,1
GLFDVIKKVASVIGGL,1
GVFTLLKGATQLIGKTLGKELGKTGLELMACKITNQC,1
SCYVLPCFTVGCTCTSSQCFKNGTACGE,1
CIKNGNGCQPDGSQGNCCSRYCHKEPGWVAGYCR,1
GLFGKSSVVGRKYYVDLAGCAKA,1
AAGMGFFGAR,1
GMASKAGSVLGKVAKVALKAAL,1
FLPILAGLAAKIVPKLFCLATKKC,1
NFLGTLVNLAKKIL,1
FLIGMTQGLICLITRKC,1
GFFSTVKNLATNVAGTVIDTLKCKVTGGCRS,1
GLGGAKKNFIIAANKTAPQSVKKTFSCKLYNG,1
ILGAIIPLVSGLLSHL,1
GFLGPLLKLGLKGAAKLLPQLLPSRQQ,1
IYFIADKMGIQLAPAWYQDIVNWVSAGGTLTTGFAIIVGVTVPAWIAEAAAAFGIASA,1
FLPGLIAGIAKML,1
FWGHIWNAVKRVGANALHGAVTGALS,1
GFSPNLPGKGLRIS,1
KVSGGEAVAAIGICATASAAIGGLAGATLVTPYCVGTWGLIRSH,1
GLFSVVTGVLKAVGKNVAKNVGGSLLEQLKCKKISGGC,1
FLSLIPHAINAVGVHAKHF,1
GFGSFLGKALKAALKIGANVLGGAPQQ,1
MTPFWRGVSLRPVGASCRDNSECITMLCRKNRCFLRTASE,1
GRPNPVNTKPTPYPRL,1
LLGDFFRKSKEKIGKEFKRIVQRIKDFLRNLVPRTES,1
GVFTLIKGATQLIGKTLGKELGKTGLELMACKITEQC,1
SILPTIVSFLTKFL,1
GLWQKIKSAAGDLASGIVEGIKS,1
AAKPMGITCDLLSLWKVGHAACAAHCLVLGDVGGYCTKEGLCVCKE,1
SLGNFFRKARKKIGEEFKRIVQRIKDFLQHLIPRTEA,1
GWINEEKIQKKIDERMGNTVLGGMAKAIVHKMAKNEFQCMANMDMLGNCEKHCQTSGEKGYCHGTKCKCGTPLSY,1
AFKLLGRIIHHVGNFVYGFSHVF,1
GIGGVLLSAGKAALKGLAKVLAEKYAN,1
ALPKKLKYLNLFNDGFNYMGVV,1
ALWKTMLKKLGTMALHAGKAALGAAADTISQGTQ,1
FLPIVGKLLSGLL,1
AMVGT,1
ALLGDFFRKSKEKIGKEFKRIVQRIKDFLRNLVPRTES,1
GIGTKFLGGVKTALKGALKELASTYVN,1
GFFALIPKIISSPLFKTLLSAVGSALSSSGEQE,1
GLFSKFAGKGIKDLIFKGVKHIGKEVGMDVIRVGIDVAGCKIKGVC,1
ACYCRIPACIAGERRYGTCIYQGRLWAFCC,1
INWKKIASIGKEVLKAL,1
NRLSCHRNKGVCVPSRCPRHMRQIGTCRGPPVKCCRKK,1
RPRPNYRPRPIYRP,1
KDCKTESNTFPGICITKPPCRKACIKEKFTDGHCSKILRRCLCTKPC,1
GIGGKILGGLRTALKGAAKELAATYLH,1
GFMKYIGPLIPHAVKAISDLI,1
GLGSLLGKAFKIGLKTVGKMMGGAPREQ,1
GIFSSRKCKTVSKTFRGICTRNANC,1
GLLSGILGAGKHIVCGLSGLK,1
GIMDTVKNAAKDLAGQLDKLKCRITGC,1
VGIGGGGGGGGGGSCGGQGGGCGGCSNGCSGGNGGSGGSGSHI,1
RGLRRLGRKIAHGVKKYGPTVLRIIRIAG,1
FIITGLVRGLTKLF,1
GLLDAIKDTAQNLFANVLDKIKCKFTKC,1
GLFKVLGSVAKHLLPHVAPVIAEK,1
ALWMTLLKKVLKAAAKALNAVLVGANA,1
FLPIIGKLLSGLL,1
FLPIIASVAAKVFSKIFCAISKKC,1
GWRLLLKKAEVKTVGKLALKHYL,1
VGALAVVVWLWLWLW,1
GILDTLKEFGKTAAKGIAQSLLSTASCKLAKTC,1
FRWWHR,1
SFLTTFKDLAIKAAKSAGQSVLSTLSCKLSNTC,1
DPVTYIRNGGICQYRCIGLRHKIGTCGSPFKCCK,1
VGECVRGRCPSGMCCSQFGYCGKGPKYCGR,1
GLFSKFAGKGIKNLIFKGVKHIGKEVGMDVIRTGIDVAGCKIKGEC,1
ILGPVISKIGGVLGGLLKNL,1
RARAPHKAWYNCMTDAGISGAIAGAVAGCAATIEIGCVEGAIAGIGPSGIASMIAALWTCRSKY,1
RCVCRRGVCRCVCTRGFC,1
KRGSGWIATITDDCPNSVFVCC,1
KPYCSCKWRCGIGEEEKGICHKFPIVTYVCCRRP,1
KYYGNGVHCTKSGCSVNWGEAFSAGVHRLANGGNGFW,1
GLLGLLGSVVSHVLPAITQHL,1
KTCMTKKEGWGRCLIDTTCAHSCRKYGYMGGKCQGITRRCYCLLNC,1
GVLDAFRKIATVVKNVV,1
KSSAYSLQMGATAIKQVKKLFKKWGW,1
GIFSKISGKAIKNLFIKGAENVGKHVGIDVVRTGIDVVGCKIKGEC,1
SVMGTVKDLLIGAGKSAAQSVLKSLSCKLSNDC,1
TWLKKRRWKKAKPP,1
ETCASRCPRPCNAGLCCSIYGYCGSGAAYCGAGNCRCQCRG,1
GWIRDFGKRIERVGQHTRDATIQTIAVAQQAANVAATLKG,1
ILGTILGLLKSL,1
RQRVEELSKFSKKGAAARRRK,1
RGGGLCYCRRRFCVCVGR,1
ILPFVAGVAAEMMKHVYCAASKKC,1
ILPIIGKILSTIF,1
YSRCQLQGFNCVVRSYGLPTIPCCRGLTCRSYFPGSTYGRCQRY,1
GWMSKIASGIGTFLSGMQQ,1
INLLKIAKGIIKSL,1
GLWQFIKDKFKDAATGLVTGIQS,1
GVFLDALKKFAKGGMNAVLNPK,1
GLFDIIKNIVSTL,1
GLLSFLPKVIGVIGHLIHPPS,1
ALSILKGLEKLAKMGIALTNCKATKKC,1
NRWWQGVVPTVSYECRMNSWQHVFTCC,1
GIPCAESCVWIPCTVTALVGCSCSDKVCYN,1
GLGSVFGRLARILGRVIPKVAKKLGPKVAKVLPKVMKEAIPMAVEMAKSQEEQQPQ,1
FLPLFLPKIICVITKKC,1
FELDRICGYGTARCRKKCRSQEYRIGRCPNTYACCLRKWDESLLNRTKP,1
GILKKFMLHRGTKVYKMRTLSKRSH,1
GLWQFIKDKLKDAATGLVTGIQS,1
FLPAVLLVATHVLPTVFCAITRKC,1
RRTCRCRFGRCFRRESYSGSCNINGRISSLCCR,1
TESYFVFSVGM,1
GLIDTIKNMALNAAKSAGVSVLNTLSCKLSKTC,1
VDKPDYRPRPRPPNM,1
RTCMIKKEGWGKCLIDTTCAHSCKNRGYIGGDCKGMTRTCYCLVNC,1
KIGAKIKIGAKIKIGAKI,1
GIGGALLSAGKAALKGLAKVLV,1
FLGGLMKIIPAAFCAVTKKC,1
QPFIPRPIDTCRLRNGICFPGICRRPYYWIGTCNNGIGSCCARGWRS,1
AVTCNTVVSSLAPCVPFFAGSAAQPTAACCNGVRSLNSAARTTPDRRTACNCIKSSASSIGLNYNKAAKLPSRCTVNVTVPISPSVNCAT,1
SVRTQDNAVNRQIFGSNGPYRDFQLSDCYLPLETNPYCNEWQFAYHWNNALMDCERAIYHGCNRTRNNFITLTACKNQAGPICNRRRH,1
IGVIKLSLCEEERNADEEKRRDDPDEMDVEVEKR,1
GLFGKILGVGKKVLCGLSGMC,1
ATYYGNGLYCNKEKCWVDWNQAKGEIGKIIVNGWVNHGPWAPRR,1
RWCFRVCYRGICYRKCR,1
GIPCGESCVWIPCISAAIGCSCKSKVCYRN,1
SCVFIPCISAAIGCSCKNKVCYRNGVIPCGE,1
GLKDIFKAGLGSLVKGIAAHVAN,1
AELRCMCIKTTSGIHPKNIQSLEVIGKGTHCNQVEVIATLKDGRKICLDPDAPRIKKIVQKKLAGDES,1
KWKVFKKIEKMGRNIRNGIVKAGPAIAVLGEAKAILS,1
GLFKVLGSVAKHLLPHVAPIIAEKL,1
HNKQEGRDHDKSKGHFHRVVIHHKGGKAH,1
SVAGRAQGM,1
LVATGMAAGVAKTIVNAVSAGMDIATALSLFSGAFTAAGGIMALIKKYAQKKLWKQLIAA,1
CGESCAMISFCFTEVIGCSCKNKVCYLNSIS,1
ILENLLARSTNEDREGSIFDTGPIRRPKPRPRPRPEG,1
TTHSGKYYGNGVYCTKNKCTVDWAKATTCIAGMSIGGFLGGAIPGKC,1
SHQDCYEALHKCMASHSKPFSCSMKFHMCLQQQ,1
ITSISLCTPGCKTGALMGCNMKTATCNCSIHVSK,1
KYYGNGVSCNKKGCSVDWGKAIGIIGNNSAANLATGGAAGWKS,1
RRRPRPPYLPRPRPPPFFPPRLPPRIPPGFPPRFPPRFP,1
CGESCVWIPCVTSIFNCKCKENKVCYHDKIP,1
GKLSGISKVLRAIAKFFKGVGKARKQFKEASDLDKNQ,1
GLKKLLGKLLKKLGKLLLK,1
CGESCVWIPCLTSVFNCKCENKVCYHDKIP,1
GFGSLLGKALRLGANVL,1
KRRHWFPLSFQEFLEQLRRFRDQLPFP,1
RWKIFKKIEKVGRNVRDGIIKAGPAVAVVGQAATVVK,1
FMPIIGRLMSGSL,1
TFCGETCRVIPVCTYSAALGCTCDDRSDGLCKRNGDP,1
MINRTDCNENSYLEIHNNEGRDTLCFANAGTMPVAIYGVNWVESGNNVVTLQFQRNLSDPRLETITLQKWGSWNPGHIHEILSIRIY,1
NKLAYNMGHYAGKATIFGLAAWALLA,1
ECRRLCYKQRCVTYCRGR,1
GWANTLKNVAGGLCKITGAA,1
RVCMKGSQHHSFPCISDRLCSNECVKEEGGWTAGYCHLRYCRCQKAC,1
FLRFIGSVIHGIGHLVHHIGVAL,1
RICRCRIGRCLGLEVYFGVCFLHGRLARRCCR,1
VAGALGVQTAAATTIVNVILNAGTLVTVLGIIASIASGGAGTLMTIGWATFKATVQKLAKQSMARAIAY,1
INWLKLGKAIIDAL,1
GLFTLIKGAAKLIGKTVPKKQARLGMNLWLVKLPTNVKT,1
GVFTLIKGATQLIGKTLGKEVGKTGLELMACKITKQC,1
GILGTVFKAGKGIVCGLTGLC,1
GILDTIKSIASKVWNSKTVQDLKRKGINWVANKLGVSPQAA,1
GLGSVLGKALKIGANLL,1
